username;date;retweets;favorites;text;geo;mentions;hashtags;id;permalink
fran0506;2019-02-22 18:57;0;1;"Si así estuvo el día de hoy, como sera mañana que es el gran día # 23F # Venezuela";;;# #;"1099095851434151936";https://twitter.com/fran0506/status/1099095851434151936
antjgo;2019-02-22 18:46;0;2;"Esta noche será larga para los uniformados y decisiva para su futuro, último llamado será mañana a que se pongan del lado correcto # VenezuelaAidLive # Venezuela # AyudaHumanitaria # 23F @ marcorubio";;@;# # # #;"1099093000213463040";https://twitter.com/antjgo/status/1099093000213463040
liarclothingve;2019-02-22 18:40;0;0;"Pampatar  T-shirt Dale like Etiqueta a un amigo . . . . # moda # 23f # ucv # compras # comprasonline # franelas # ptolacruz # lentes # ventas # ventasonline # tiendavirtual # tiendaonline # venezuela # caracas # valencia # carabobo # maracaibo # zulia # barqu… https://ift.tt/2Sn3Y50 pic.twitter.com/pzJqnXjx0f";;;# # # # # # # # # # # # # # # # # # #;"1099091668387672065";https://twitter.com/liarclothingve/status/1099091668387672065
JesusMendozaJ;2019-02-22 18:39;0;0;"El día de mañana # 23F será un día muy movido para # Venezuela e histórico tambien, el # Mundo nos obrserva, no estamos solos, # LosBuenosSomosMas Venezuela huele a # Libertad";;;# # # # #;"1099091306717040640";https://twitter.com/JesusMendozaJ/status/1099091306717040640
csancheznieto;2019-02-22 18:15;1;5;"Venezuela y sus contradicciones, nunca aprendieron la diferencia de las palabras "Estado" y "Gobierno" no entienden nada, pretenden cambiar un país que ni conocen. # Venezuela @VenezuelaAidLive Faltan horas para que se acabe el concierto, mañana # 23F se viene el show político.";;@VenezuelaAidLive;# #;"1099085399505330176";https://twitter.com/csancheznieto/status/1099085399505330176
IsaCNN;2019-02-22 17:58;0;0;"Juan Guaido has appeared at a crowd near an aid concert in Cúcuta despite # Venezuela’s supreme court imposing a travel ban on him in January. # 23F";;;# #;"1099081036359704576";https://twitter.com/IsaCNN/status/1099081036359704576
jgamorin;2019-02-22 17:00;41;76;"En pleno # VenezuelaAidLive y a horas del # 23F con la entrada de # AyudaHumanitaria, ya tenemos que lamentar la represión de Maduro y su Dictadura 2 muertos y 15 heridos por intentar mantener abierto un lugar de paso entre # Venezuela y Brasil Y pensar que acá aún tiene cómplices pic.twitter.com/a1pY5ltuyz";;;# # # #;"1099066397022437376";https://twitter.com/jgamorin/status/1099066397022437376
AVOZCRUDA;2019-02-22 16:57;0;2;"# VenezuelaAidLive # 22Feb # AidLiveVenezuela # ConciertoPorLaPazYLaVida # AyudaVenezuela # Venezuela # VenezuelaAidLife # VenezuelAidLive # 23F https://twitter.com/AVOZCRUDA/status/1099020606526377984 …";;;# # # # # # # # #;"1099065736939610113";https://twitter.com/AVOZCRUDA/status/1099065736939610113
dccontreras85;2019-02-22 16:17;0;2;"# Repost @ ederalexander • • • • • • # Repost # Venezuela # 22F # 23F @ vzlarrechate_ with get_repost ・・・ Esto con HONOR AL 23F. Si hay algún Guardia Nacional que pueda ver esto, recuerda: TODOS… https://www.instagram.com/p/BuMt_KHFQs2/?utm_source=ig_twitter_share&igshid=10r6z2mwwuudc …";;@ @;# # # # #;"1099055674724573184";https://twitter.com/dccontreras85/status/1099055674724573184
PaulSfeir;2019-02-22 16:10;4;10;"Gracias # Colombia por ser como tal vez nosotros nunca fuimos con ustedes... Viva Colombia. Viva # Venezuela # VenezuelaAidLive # 23F";;;# # # #;"1099053796402122752";https://twitter.com/PaulSfeir/status/1099053796402122752
knuthf;2019-02-22 16:09;0;0;"On the eve of # 23F # AyudaHumanitaria sharing my interview in @ ElMercurio_cl:-How can the # EU help # Venezuela in the transation?-assuming as own the roadmap of the President @ jguaido and collaborating in everything that is in his hand, as...https://twitter.com/beatrizbecerrab/status/1098950257801605121 …";;@ @;# # # #;"1099053607255789569";https://twitter.com/knuthf/status/1099053607255789569
DannyPerdomo;2019-02-22 15:50;1;6;"# Venezuela, tu estas en Pie de Lucha. En # Dominicana oramos por ti, de rodillas ante # Dios. No Están Solos!!!! # 23F # VenezuelaLibre # MADUROCONOETUMADRE # VenezuelaLiveAidpic.twitter.com/MnFezXXSEU";;;# # # # # # #;"1099048716579803137";https://twitter.com/DannyPerdomo/status/1099048716579803137
josecriollo28;2019-02-22 15:42;0;1;"Mientras tanto del lado chavista pasa esto.... ¿DÓNDE ESTÁ LA GENTE? # 22Feb # 23F # VenezuelaAidLive # EnVivo # Venezuela # CucutaTambienEs # cucuta # AyudaHumanitaria # AyudaVenezuela # ColombiaSeMueveACucuta # HandsOffVenezuelapic.twitter.com/kW3JgRhEio";;;# # # # # # # # # # #;"1099046754639593474";https://twitter.com/josecriollo28/status/1099046754639593474
Edu_Enduro;2019-02-22 15:39;24;19;"# MiguelBose en # AidVenezuela: "Aaaaaltiiiiisima Comisionada @ mbachelet; ven de una puñetera vez a # Venezuela!!! # BacheletMueveTusNalgas a ver las violaciones a los # DDHH de lo contrario NO SIRVES!!!" ... Mejor dicho IM-PO-SI-BLE!!! # 23F # VenezuelaAidLivehttps://youtu.be/tkP6ebAd1q4";;@;# # # # # # #;"1099045961437986818";https://twitter.com/Edu_Enduro/status/1099045961437986818
LeandroOubina;2019-02-22 15:34;0;1;"# VenezuelaAidLive # Venezuela # 23F # 23FAvalanchaHumanitariahttps://twitter.com/charlybaires10/status/1098972406159429632 …";;;# # # #;"1099044765268463616";https://twitter.com/LeandroOubina/status/1099044765268463616
QuijoteOPS;2019-02-22 15:22;0;0;"# 22FEB MADURO COÑO E' TU MADRE # VenezuelaAidLive # 23FVzlaALosCuartelesEnPaz # AvalanchaHumanitaria # VENEZUELA # EstamosUnidosVE # 23F";;;# # # # # # #;"1099041869227573253";https://twitter.com/QuijoteOPS/status/1099041869227573253
ReynAndara;2019-02-22 15:06;0;0;"Tumban señal canal # antena3 que impide a # Venezuela ver el concierto por # ayudahumanitaria # SanJuanDeLosMorros Estado # Guárico # 23F 2019 https://www.instagram.com/p/BuMmaWQHftz/?utm_source=ig_twitter_share&igshid=1xn3w9rexphwn …";;;# # # # # #;"1099037853575712769";https://twitter.com/ReynAndara/status/1099037853575712769
ElInformadorVE;2019-02-22 15:06;1;3;"# 22F # EnVivo Al ritmo de los tambores del tema "Viva Venezuela" llegó a la tarima del # VenezuelaAidLive Carlos Baute ( @ carlosbaute) quien hizo un llamado a aportar para la # AyudaHumanitaria que aseguró entrará el # 23F a Venezuela de la mano de los venezolanos # Venezuela pic.twitter.com/uiwd27m0JE";;@;# # # # # #;"1099037741822693381";https://twitter.com/ElInformadorVE/status/1099037741822693381
JOSEISEAB;2019-02-22 15:00;0;0;". QUÉ NOMBRE LE PONDRÍAN A ESTA BANDA ?? ELLOS VAN AL FESTIVAL DE MADURO COMENTARIOS ? # Libertad # VenezuelaLibre # Cucuta # 23F # VamosBien # Venezuela # Colombia # AidVenezuela # Concierto… https://www.instagram.com/p/BuKcSqnlgzQ/?utm_source=ig_twitter_share&igshid=1ivhvmus7sttb …";;;# # # # # # # # #;"1099036280552214528";https://twitter.com/JOSEISEAB/status/1099036280552214528
LasNoticiasFl;2019-02-22 15:00;0;0;"# 23F # ayudahumanitaria # venezuelaaidlive Emotiva participación del orador mexicano @ danielhabif ¡Gracias México! Gracias Daniel vía vnzla3color video cortesía @ vpitv # venezuela # Mexico en… https://www.instagram.com/p/BuMlgM8FHJp/?utm_source=ig_twitter_share&igshid=i05w29yda3hl …";;@ @;# # # # #;"1099036254019047424";https://twitter.com/LasNoticiasFl/status/1099036254019047424
JOSEISEAB;2019-02-22 14:59;0;0;". QUÉ NOMBRE LE PONDRÍAN A ESTA BANDA ?? ELLOS VAN AL FESTIVAL DE MADURO COMENTARIOS ? # Libertad # VenezuelaLibre # Cucuta # 23F # VamosBien # Venezuela # Colombia # AidVenezuela # Concierto… https://www.instagram.com/p/BuKcSqnlgzQ/?utm_source=ig_twitter_share&igshid=qvwee0vsrv5l …";;;# # # # # # # # #;"1099035934543282176";https://twitter.com/JOSEISEAB/status/1099035934543282176
NatyLopezG;2019-02-22 14:57;42;58;"AHORA: "Michelle Bachelet, mueve tus nalgas y ven de una puñetera vez", dice Miguel Bosé en el Venezuela Aid Live reclamando su cargo de alta comisionada de DDHH de la ONU @ T13 @ Tele13_Radio # AlertaT13 # VenezuelaAidLive # Venezuela # 23F";;@ @;# # # #;"1099035380848840704";https://twitter.com/NatyLopezG/status/1099035380848840704
Edu_Enduro;2019-02-22 14:55;62;58;"# MiguelBose en # AidVenezuela: "Aaaaaltiiiiisima Comisionada @ mbachelet; ven de una puñetera vez a # Venezuela!!!... Mueve tus nalgas a ver las violaciones a los # DDHH de lo contrario NO SIRVES!!!" ... Mejor dicho IM-PO-SI-BLE!!! # 23F # VenezuelaAidLive";;@;# # # # # #;"1099034949481611264";https://twitter.com/Edu_Enduro/status/1099034949481611264
AlejandroPerna;2019-02-22 14:33;0;0;"Presente @ yokoikenji # yokoikenjidiaz # yokoikenji # japon # Colombia # venezuela # venezuelaporelmundo # venezolanosenelmundo # 23favalanchahumanitaria # 23f en Cúcuta, Norte de… https://www.instagram.com/p/BuMiObUHZHm/?utm_source=ig_twitter_share&igshid=x2krjb4wl2j8 …";;@;# # # # # # # # #;"1099029386412609536";https://twitter.com/AlejandroPerna/status/1099029386412609536
correiadriano;2019-02-22 14:32;0;0;"Este # 23F te esperamos en la # PuertaDeSol # Madrid En la lucha por la libertad de nuestra # Venezuela. La entrada de la # AyudaHumanitaria es un paso fundamental para la reconstrucción de nuestro paíspic.twitter.com/qg7FGtpRwQ";;;# # # # #;"1099029283475988481";https://twitter.com/correiadriano/status/1099029283475988481
MoisEscobar;2019-02-22 14:30;4;2;"# VenezuelaAidLive tiene la capacidad de atraer la atención mediática mundial sobre todo lo que está aconteciendo en # Venezuela, pero esencialmente es una antesala mediática al ingreso de la Ayuda Humanitaria del # 23F.";;;# # #;"1099028791186329602";https://twitter.com/MoisEscobar/status/1099028791186329602
dgamboav;2019-02-22 14:25;0;0;"# 23F # AvalanchaHumanitaria # Venezuela # Cucuta # Colombia # Brasil https://www.instagram.com/dgamboav/p/BuMht0jliUUR0-_r_n33IMzw4lXhOeTR8_Ap9o0/?utm_source=ig_twitter_share&igshid=1xvq35fvd2hxh …";;;# # # # # #;"1099027529115959296";https://twitter.com/dgamboav/status/1099027529115959296
manuelmacani;2019-02-22 14:25;0;0;"# venezuelalibre # vamosbien # 23f # venezuelaaidlive # Venezuela https://www.instagram.com/p/BuMhrNhgbIN/?utm_source=ig_twitter_share&igshid=2iscgvs7mtuc …";;;# # # # #;"1099027437051011072";https://twitter.com/manuelmacani/status/1099027437051011072
CarlosAlvarez92;2019-02-22 14:19;1;2;"# 22Feb | Modo # VenezuelaAidLive # Venezuela # No # Estas # Sola ¡ # VamosBien! Este # 23F # DejaPasarLaAyudaHumanitaria pic.twitter.com/51hhHpMikv";;;# # # # # # # # #;"1099026019871326208";https://twitter.com/CarlosAlvarez92/status/1099026019871326208
ernesmusica;2019-02-22 14:07;0;0;"Sobran las palabras # 23f # ayudahumanitaria # venezuela # venezuelaquierecambio # venezuelalibre # mundo # fueramaduro # artista # cantante # compositor # madurocoñoetumadre https://www.instagram.com/p/BuMflqIF3m_/?utm_source=ig_twitter_share&igshid=c3il7qtuq13y …";;;# # # # # # # # # # #;"1099022848222420992";https://twitter.com/ernesmusica/status/1099022848222420992
Arepados;2019-02-22 14:06;0;0;"# 22f y # 23f desde las # 8am asta las # 7pm en # paseoherencia # apoyo # mundial # por # la # ayudahumanitaria # y # recollecion # por # venezuela de # insumos y # medicinas # venezuela # venezuelalibre… https://www.instagram.com/p/BuMeYeWhnzr/?utm_source=ig_twitter_share&igshid=10iyyqmrd2p1u …";;;# # # # # # # # # # # # # # # # # #;"1099022706459189248";https://twitter.com/Arepados/status/1099022706459189248
El_Econ;2019-02-22 14:03;2;1;"Hambre de conflicto Por Patricio DellaGiovanna Gaíta https://eleconomista.com.ar/2019-02-hambre-de-conflicto/ … # Venezuela # 23F pic.twitter.com/YtF6pgXWnz";;;# #;"1099021971499765760";https://twitter.com/El_Econ/status/1099021971499765760
evebruler;2019-02-22 13:59;14;12;"Te espero el # 23F en La Plaza España en Santa Cruz de Tenerife a las 18:00 por # AyudaHumanitaria para # venezuela @ CsScTfe @ UCVE2009pic.twitter.com/nNeylPLovb";;@ @;# # #;"1099020810340188160";https://twitter.com/evebruler/status/1099020810340188160
juanpadelahoz;2019-02-22 13:56;1;4;""Maduro es parte del problema y no de la solución" Muy bien @ sebastianpinera # VenezuelaGritaLibertad # venezuelaaidlive # vamosbien # venezuela # venezolanos # 23f @ jguaido @ Guarequenapic.twitter.com/hyWcBqnweV";;@ @ @;# # # # # #;"1099020163175862272";https://twitter.com/juanpadelahoz/status/1099020163175862272
780AM;2019-02-22 13:52;5;3;"Venezolanos residentes en Cúcuta esperan que militares dejen pasar la ayuda humanitaria de la comunidad internacional. # AyudaHumanitaria # Venezuela # Cúcuta # 23F # 780AMpic.twitter.com/xfy8bojzNw";;;# # # # #;"1099019189740810241";https://twitter.com/780AM/status/1099019189740810241
vzlanosmemphis;2019-02-22 13:50;4;2;"# Venezuela atraviesa una emergencia humanitaria compleja. Este # 23F los Venezolanos en el mundo estaremos recogiendo insumos médicos para enviar a como # AyudaHumanitaria. En # Memphis estaremos aceptando donativos en Casa León (5560 Shelby Oaks Dr, Memphis TN 38134) de 10am-5pmpic.twitter.com/exScy79i9e";;;# # # #;"1099018549388038147";https://twitter.com/vzlanosmemphis/status/1099018549388038147
luisfydler;2019-02-22 13:48;0;0;"Vacilándome el Venezuela Aid Live. Bonito es que Venezuela retome la esperanza... # Venezuela # VenezuelaAidLive # 23F # Caracas";;;# # # #;"1099018123561312263";https://twitter.com/luisfydler/status/1099018123561312263
SuarezBolivia;2019-02-22 13:46;12;12;"Rueda de prensa, hacemos nuevamente un llamado a la FAN a que se sumen del lado correcto de la historia, que se unan a que juntos recuperemos nuestra democracia y nuestra libertad. # VamosBienVzla # 23f # Lara # venezuela # Cucuta # VenezuelaAidLive # 22febpic.twitter.com/R3dkrPUKJq";;;# # # # # # #;"1099017622383923200";https://twitter.com/SuarezBolivia/status/1099017622383923200
fernanahmed;2019-02-22 13:43;0;0;"Eso no es periodismo equilibrado es claramente tu simpatía hacia la izquierda y su indolencia hacia toda una poblacion que claramente esta una crisis nunca antes vista en ese país # venezuela # 23f";;;# #;"1099016766599114752";https://twitter.com/fernanahmed/status/1099016766599114752
liarclothingve;2019-02-22 13:40;0;0;"Salto Angel  T-shirt Dale like Etiqueta a un amigo . . . . # moda # 23f # ucv # compras # comprasonline # franelas # ptolacruz # lentes # ventas # ventasonline # tiendavirtual # tiendaonline # venezuela # caracas # valencia # carabobo # maracaibo # zulia # bar… https://ift.tt/2GFnIzg pic.twitter.com/tscet1bYSP";;;# # # # # # # # # # # # # # # # # # #;"1099016175168548864";https://twitter.com/liarclothingve/status/1099016175168548864
Dani_SinfonteG;2019-02-22 13:30;0;0;"# AlMomento guardians.of.venezuela abajolatirania based_leopard # VenezuelaAidLive # FaltaPoco # vzla # venezuela # ayudahumanitaria # libertad # tienditas # venezolanos # 22F # cucuta # 23F… https://www.instagram.com/p/BuMbV34Fh2N/?utm_source=ig_twitter_share&igshid=sbxc0jkjkru …";;;# # # # # # # # # # # #;"1099013513081688071";https://twitter.com/Dani_SinfonteG/status/1099013513081688071
CriminalArchivo;2019-02-22 13:22;0;0;"# AlMomento # VenezuelaAidLive # FaltaPoco # vzla # venezuela # ayudahumanitaria # libertad # tienditas # venezolanos # 22F # cucuta # 23F # venezuelalibre # caracas # carabobo… https://www.instagram.com/archivo.criminal/p/BuMabBthRvJ/?utm_source=ig_twitter_share&igshid=1mkred5do3st5 …";;;# # # # # # # # # # # # # # #;"1099011496271441920";https://twitter.com/CriminalArchivo/status/1099011496271441920
QuijoteOPS;2019-02-22 13:16;0;0;"# SOLDADOVENEZOLANO "Cuando el LLANTO de la PATRIA clama, hasta el CANTO de la mádre CALLE" es el momento de estar del lado de # VENEZUELA y DESCONOCER AL TIRANO. # 23F # AvalanchaHumanitaria # 23FVzlaALosCuartelesEnPaz # EstamosUnidosVE";;;# # # # # #;"1099010073660194816";https://twitter.com/QuijoteOPS/status/1099010073660194816
carlos_estrell;2019-02-22 13:10;0;3;"Mientras el gran concierto # Venezuela Aid Live distrae la atención de miles en # Cúcuta, la flota del USS Abraham Lincoln avanza silenciosamente hacia el Sur. Mañana será el # 23F pic.twitter.com/I0N2Yz7Nma";;;# # #;"1099008490121687040";https://twitter.com/carlos_estrell/status/1099008490121687040
Mariade83228868;2019-02-22 13:00;0;0;"Que cara tan dura que tienen ustedes # DesgraciadosComunistasVidasySangre de gente Inocente y no # corruptos # manazas # asquerosas # Avergüéncense y pida perdón a Dios. # 23F # VENEZUELA # LIBRE! # NOANICOLASMADURO";;;# # # # # # # # #;"1099006046809571329";https://twitter.com/Mariade83228868/status/1099006046809571329
AleVillaoficial;2019-02-22 12:56;0;1;"Estamos cerca. Nuestro sentir. Nuestra gente recibirá la # AyudaHumanitaria # 23F Estamos contigo # Venezuela. Hoy es un día de emoción, de sentimientos encontrados, de alegría. A sólo… https://www.instagram.com/p/BuMXcMQh8yN/?utm_source=ig_twitter_share&igshid=x14ut68xw1wo …";;;# # #;"1099004934224105472";https://twitter.com/AleVillaoficial/status/1099004934224105472
EmmanueldiazE;2019-02-22 12:50;0;0;"En la frontera de Cucuta, se sienten aires de libertad # 23F # VenezuelaAidLive # Venezuela";;;# # #;"1099003479245443073";https://twitter.com/EmmanueldiazE/status/1099003479245443073
ElInformadorVE;2019-02-22 12:42;13;23;"# 22F Anuncian la llegada de "El Hércules" al aeropuerto Camilo Daza, al norte de Santander un avión con toneladas de ayuda humanitaria procedente de # Chile para ser entregada mañana a Juan Guaidó para su posterior ingreso a Venezuela este # 23F # Venezuela # Cucuta # EnVivopic.twitter.com/XpVvk2C2Sn";;;# # # # # #;"1099001564910489601";https://twitter.com/ElInformadorVE/status/1099001564910489601
RicardoAriasOrt;2019-02-22 12:26;0;2;"Mañana es un día clave para # Venezuela y su historia. # 23F";;;# #;"1098997393972973570";https://twitter.com/RicardoAriasOrt/status/1098997393972973570
copleritodeoro;2019-02-22 12:21;0;0;"Tiempo vencido toro cachuo . Alguien volvió a caerle a embuste a su propia gente, y tanto que lo defirnden pero este narco inepto la ca... Cada día peor # 22f # 23f # venezuelalibre @ jguaido # ayudahumanitaria @ davidcomedia # venezuela # venezuelalucha tic tac @ VirguezFranklinpic.twitter.com/WaZLaNqJXy";;@ @ @;# # # # # #;"1098996208675274756";https://twitter.com/copleritodeoro/status/1098996208675274756
josecriollo28;2019-02-22 12:16;0;0;"¡MAR DE GENTE! Así está el concierto. # VenezuelaAidLive # 22Feb # 23F # Venezuela # cucuta # AyudaHumanitaria # AyudaVenezuelapic.twitter.com/38zdlBeGtc";;;# # # # # # #;"1098995043757682689";https://twitter.com/josecriollo28/status/1098995043757682689
zoevida15;2019-02-22 12:14;0;0;"¡VENEZUELA Libre! . . . . . . . # zoe # zoeandrea # zoé # zoevida15 # venezuela # venezuelalibre # solidaridadconvenezuela # venezuelaaidlive # ayudavenezuela # 23f # colombia… https://www.instagram.com/p/BuMPw3pjQ0E/?utm_source=ig_twitter_share&igshid=14y2cksg2kzcs …";;;# # # # # # # # # # #;"1098994534489370624";https://twitter.com/zoevida15/status/1098994534489370624
zoeandreabg;2019-02-22 12:14;0;0;"¡VENEZUELA Libre! . . . . . . . # zoeandreabg # venezuela # venezuelalibre # solidaridadconvenezuela # venezuelaaidlive # ayudavenezuela # 23f # colombia # venezolanosenelextranjero… https://www.instagram.com/p/BuMSdyRhsd7/?utm_source=ig_twitter_share&igshid=gkhjlod79w72 …";;;# # # # # # # # #;"1098994482253651968";https://twitter.com/zoeandreabg/status/1098994482253651968
seodyssey;2019-02-22 12:00;0;0;"This happens in my poor Rich country! This Thug reacted 3 weeks ago when he saw the Caravans of humanitarian Aid coming to the rescue. Maduro is a criminal Enterprise at the service of Havana Cuba G2. # 23F # Venezuela @ GotasEVzlapic.twitter.com/m7Bzko5MYt";;@;# #;"1098991037148737537";https://twitter.com/seodyssey/status/1098991037148737537
C_dPaz;2019-02-22 12:00;0;0;""El ingreso de cargamentos de medicinas y suplementos, previsto para este sábado a través de la frontera colombiana, provocó una sobreactuación del chavismo." @ Maoliscastro expone las # claves del # 23F en # Venezuela http://bit.ly/2GFvBF7 # Actualidad # Internacional # DDHHpic.twitter.com/9oJ2gaWsA0";;@;# # # # # #;"1098990802930491393";https://twitter.com/C_dPaz/status/1098990802930491393
Hpeinado1;2019-02-22 11:58;3;5;"@ soyfdelrincon este # 23F todos somos # Venezuela, libres del socialismo del siglo XXI! # RescatemosBolivia @ diarioeldeberpic.twitter.com/KUH2EFK1CG";;@ @;# # #;"1098990326235185153";https://twitter.com/Hpeinado1/status/1098990326235185153
Cambio16;2019-02-22 11:57;2;6;"# ULTIMOMINUTO: El presidente @ IvanDuque llega a # Cucuta para continuar con su irrestricto apoyo por lograr la democracia en # Venezuela y la entrada de la ayuda humanitaria el # 23F # VenezuelaAidLife @ jguaido @ Almagro_OEA2015https://twitter.com/IvanDuque/status/1098964797838839808 …";;@ @ @;# # # # #;"1098990141148868609";https://twitter.com/Cambio16/status/1098990141148868609
liogamarra;2019-02-22 11:34;1;3;"Declaración # LatinoamericanosPorVenezuela apoyando el ingreso de # AyudaHumanitaria a # Venezuela este # 23F Gracias @ irmaar @ gtufani por invitarme a participarpic.twitter.com/4JEWPkXEtE";;@ @;# # # #;"1098984342334984194";https://twitter.com/liogamarra/status/1098984342334984194
seodyssey;2019-02-22 11:29;0;0;"Esto pasa en mi pobre país rico. ¡¡¡CRIMINALES POR LA PAZ!! ¡¡NO HAY HAMBRE!! Miguel tiene un cuadro de desnutrición severa. ¡¡Qué inmoral eres Maduro!! # 23F # Venezuela @ GotasEVzlapic.twitter.com/m7Bzko5MYt";;@;# #;"1098983203149414400";https://twitter.com/seodyssey/status/1098983203149414400
PanchoPerezLugo;2019-02-22 11:28;2;0;"# EnVivo # VenezuelaAidLive a través de la página web http://www.venezuelaaidlive.com  Llegando a todos los rincones del mundo este Mega Concierto por el ingreso de la # AyudaHumanitaria # Venezuela # 23F # 23FAyudaYLibertad";;;# # # # # #;"1098982912379232256";https://twitter.com/PanchoPerezLugo/status/1098982912379232256
IsaCNN;2019-02-22 11:25;2;2;"Emilio Gonzalez, the Mayor of the Venezuelan town of Gran Sabana, located close to the # Venezuela-Brazil border tells CNN, that a woman has been shot dead by Venezuelan soldiers on Friday during a standoff with a local indigenous community over international aid # brasil # 23F";;;# # #;"1098982192032763904";https://twitter.com/IsaCNN/status/1098982192032763904
Mohena07;2019-02-22 11:25;0;0;"http://www.avatarvzla.online/index.php  crea tu franela virtual por # Venezuela # VenezuelaAidLive # 23FVzlaALaCalle # 23FAyudaHumanitaria # 23FAvalanchaHumanitaria # 23F # 23FVzlaExigeALaFANB # 23FVzlaALosCuartelesEnPaz # SoldadoEscucha # YoSoyVoluntariopic.twitter.com/Kqnso8xNeY";;;# # # # # # # # # #;"1098982080984305665";https://twitter.com/Mohena07/status/1098982080984305665
PanchoPerezLugo;2019-02-22 11:20;4;0;"Mañana nos movilizamos en todo # Carabobo en respaldo y apoyo a la entrada de la # ayudahumanitaria. # Dios bendiga a quienes le tienden su mano a nuestra # Venezuela. # 23F pic.twitter.com/wh3dF6KXLy";;;# # # # #;"1098980817852907521";https://twitter.com/PanchoPerezLugo/status/1098980817852907521
seodyssey;2019-02-22 11:12;0;0;"Gracias por su presencia señor Presidente. Esto pasa en mi pobre país rico. ¡¡¡CRIMINALES POR LA PAZ!! ¡¡NO HAY HAMBRE!! Miguel tiene un cuadro de desnutrición severa. ¡¡Qué inmoral eres Maduro!! # 23F # Venezuela @ GotasEVzlapic.twitter.com/m7Bzko5MYt";;@;# #;"1098978872660508673";https://twitter.com/seodyssey/status/1098978872660508673
venemex_ac;2019-02-22 11:02;4;11;"Este sábado # 23F los venezolanos en # México marcharemos en apoyo por el ingreso de la # AvalanchaHumanitaria para # Venezuela Saldremos a las 10:30 am desde el obelisco de Simón Bolívar en Paseo de Reforma al Ángel de la Independencia. Vamos todos juntos por una Venezuela Libre! pic.twitter.com/DZmmCKyypF";;;# # # #;"1098976405537214464";https://twitter.com/venemex_ac/status/1098976405537214464
Bryon_patronum;2019-02-22 11:00;0;0;"Soy Venezolano Soy Joven y Quiero utilizar esa juventud para Ayudar en la reconstrucción de Mi País # yosoyvoluntario # 23f # yosoyvenezuela # caracas # venezuela # vamosbien # vamosmuybien… https://www.instagram.com/p/BuMJMxDhoU7/?utm_source=ig_twitter_share&igshid=1dola6fydvh5w …";;;# # # # # # #;"1098975778564321281";https://twitter.com/Bryon_patronum/status/1098975778564321281
por_ciudadanos;2019-02-22 10:55;1;0;"# 23F marchamos para abrir las barreras que rodean a # Venezuela para que entre la # AyudaHumanitaria # AyudaHumanitariaParaVenezuela @ AEVMex @ vstmundo @ Comexdh 10:30 am Obelisco Simón Bolívar # CDMXpic.twitter.com/ufnyXKuIW7";;@ @ @;# # # # #;"1098974572542537729";https://twitter.com/por_ciudadanos/status/1098974572542537729
KaQuiuZhang;2019-02-22 10:46;1;1;"1. Cese de la usurpación, 2.gobierno de transición 3. elecciones libres. Recordemos la importante # AyudaHumanitaria que este # 23F debe entrar a para atender a quienes más lo necesita # VamosBien # Venezuela https://twitter.com/TAMARA_SUJU/status/1098924350458220545 …";;;# # # #;"1098972237296791553";https://twitter.com/KaQuiuZhang/status/1098972237296791553
RandyLudatca;2019-02-22 10:36;0;0;"@ LosSimpsonTVLA lo volvieron a hacer!! # 23FVzlaALaCalle # 23FNoHayVueltaAtras # 23FAvalanchaHumanitaria # 23F # VenezuelaAidLive # Venezuela # VenezuelaGritaLibertad # NicolasMaduro # comunistas # Dictadurapic.twitter.com/8epZK6cAa1";;@;# # # # # # # # # #;"1098969901379784704";https://twitter.com/RandyLudatca/status/1098969901379784704
seodyssey;2019-02-22 10:36;0;0;"¡¡¡CRIMINALES POR LA PAZ!! ¡¡NO HAY HAMBRE!! Miguel tiene un cuadro de desnutrición severa y necesita alimentos proteicos, está recibiendo nutrición Parenteral. ¡¡Qué inmoral eres maduro!! # 23F # Venezuela @ GotasEVzlapic.twitter.com/m7Bzko5MYt";;@;# #;"1098969774665682946";https://twitter.com/seodyssey/status/1098969774665682946
seodyssey;2019-02-22 10:35;0;0;"¡¡¡CRIMINALES POR LA PAZ!! ¡¡NO HAY HAMBRE!! Miguel tiene un cuadro de desnutrición severa y necesita alimentos proteicos, está recibiendo nutrición Parenteral. ¡¡Qué inmoral eres maduro!! # 23F # Venezuela @ GotasEVzlapic.twitter.com/m7Bzko5MYt";;@;# #;"1098969583678038017";https://twitter.com/seodyssey/status/1098969583678038017
MartinLitwak;2019-02-22 10:28;4;14;"Ayer subscribimos, junto con @ irmaar, @ elisacarrio, @ edufeiok, @ danielhadad, @ LassoGuillermo, @ JMaSanguinetti, @ segregustavo, @ AlvaroVargasLl y @ WolffWaldo, entre otros, la declaración # LatinoamericanosPorVenezuela que apoya el ingreso de # AyudaHumantaria a # Venezuela el # 23F. pic.twitter.com/B9XkaH1cq1";;@ @ @ @ @ @ @ @ @;# # # #;"1098967868400717824";https://twitter.com/MartinLitwak/status/1098967868400717824
seodyssey;2019-02-22 10:22;0;0;"Miguel tiene un cuadro de desnutrición severa y necesita alimentos proteicos, está recibiendo nutrición Parenteral. ¡¡Qué inmoral eres maduro!! # 23F # Venezuela @ GotasEVzlapic.twitter.com/m7Bzko5MYt";;@;# #;"1098966172505133061";https://twitter.com/seodyssey/status/1098966172505133061
irmaar;2019-02-22 10:19;1;0;"Gracias a @ fernandoschuler @ OscarOrtizA @ AlvaroVargasLl @ VasquezIan @ Chafuen @ clarroulet @ LassoGuillermo @ rlopezmurphy @ EnriqueKrauze por suscribir la declaración # LatinoamericanosPorVenezuela que apoya el ingreso de # AyudaHumantaria a # Venezuela el # 23F @ NPSGlobal Texto pic.twitter.com/kL95N0qmUn";;@ @ @ @ @ @ @ @ @ @;# # # #;"1098965421544431617";https://twitter.com/irmaar/status/1098965421544431617
NatyLopezG;2019-02-22 10:14;43;12;"AHORA: Medios internacionales reportan la muerte de 2 personas en enfrentamientos entre la Guardia Nacional Venezolana y una comunidad indígena en la frontera con Brasil. Info en desarrollo. @ T13 @ Tele13_Radio # AlertaT13 # Venezuela # 23F";;@ @;# # #;"1098964202973212677";https://twitter.com/NatyLopezG/status/1098964202973212677
karinmostacero;2019-02-22 10:05;0;0;"# AyudaHumanitaria # 23F # Venezuela # VamosBien https://www.instagram.com/p/BuMD7KhjO_l1BZAwKFviExX3Hij5GnvXQEoeqQ0/?utm_source=ig_twitter_share&igshid=dn1hqlz9zqyl …";;;# # # #;"1098962016490803200";https://twitter.com/karinmostacero/status/1098962016490803200
seodyssey;2019-02-22 09:59;0;0;"Miguel tiene un cuadro de desnutrición severa y necesita alimentos proteicos, está recibiendo nutrición Parenteral. ¡¡Qué inmoral eres maduro!! # 23F # Venezuela @ GotasEVzlapic.twitter.com/m7Bzko5MYt";;@;# #;"1098960447628328960";https://twitter.com/seodyssey/status/1098960447628328960
seodyssey;2019-02-22 09:59;0;0;"Miguel tiene un cuadro de desnutrición severa y necesita alimentos proteicos, está recibiendo nutrición Parenteral. ¡¡Qué inmoral eres maduro!! # 23F # Venezuela @ GotasEVzlapic.twitter.com/m7Bzko5MYt";;@;# #;"1098960400345903104";https://twitter.com/seodyssey/status/1098960400345903104
seodyssey;2019-02-22 09:58;0;0;"Miguel tiene un cuadro de desnutrición severa y necesita alimentos proteicos, está recibiendo nutrición Parenteral. ¡¡Qué inmoral eres maduro!! # 23F # Venezuela @ GotasEVzlapic.twitter.com/m7Bzko5MYt";;@;# #;"1098960322482917376";https://twitter.com/seodyssey/status/1098960322482917376
seodyssey;2019-02-22 09:58;0;0;"Miguel tiene un cuadro de desnutrición severa y necesita alimentos proteicos, está recibiendo nutrición Parenteral. ¡¡Qué inmoral eres maduro!! # 23F # Venezuela @ GotasEVzlapic.twitter.com/m7Bzko5MYt";;@;# #;"1098960258200940544";https://twitter.com/seodyssey/status/1098960258200940544
Borjas___j;2019-02-22 09:58;1;1;". ' . # venezuela # mundial # VenezuelaLibre # venezuelaaidlive # venezuela # 22Feb # 23F pic.twitter.com/q3u66zCXIC";;;# # # # # # #;"1098960131168104453";https://twitter.com/Borjas___j/status/1098960131168104453
CSLvenezuela_;2019-02-22 09:56;2;1;"# 23F ¡Hoy te esperamos! Acércate al C. C. La Villa en Caracas a partir de las 4 p. m. Para hablar de la # AyudaHumanitaria en un encuentro de ciudadanos donde contaremos con la participación de @ profesorbriceno, @ jesusarmasccs, diputados de la @ AsambleaVE y muchos más. # Venezuela pic.twitter.com/jzsZd7Fuwv";;@ @ @;# # #;"1098959842931343361";https://twitter.com/CSLvenezuela_/status/1098959842931343361
AnladyG;2019-02-22 09:55;0;0;"https://www.venezuelaaidlive.com/  Por # Venezuela... ¡Haz tu aporte! # 23F";;;# #;"1098959462000398337";https://twitter.com/AnladyG/status/1098959462000398337
VaneEisig;2019-02-22 09:53;0;1;"Estás en Santiago de Compostela y quieres ser parte del cambio? Acércate a nuestro punto de Acción Humanitaria! # venezolanosensantiago # venezuela # 23f pic.twitter.com/kAKiOaCF8z";;;# # #;"1098959011209203713";https://twitter.com/VaneEisig/status/1098959011209203713
picon1969;2019-02-22 09:44;0;0;"No al # Comunismo en # Latinoamérica # VotaNo en # Cuba a sacar el # Usurpador en # Venezuela # 23F # 24Fhttps://twitter.com/tutoquiroga/status/1098390977646080000 …";;;# # # # # # # #;"1098956824374636545";https://twitter.com/picon1969/status/1098956824374636545
key_molina;2019-02-22 09:38;0;0;"Mañana los venezolanos que vivimos fuera de Venezuela deberíamos de tener el día libre porque vamos a estar claro igual nos pueden botar pal coño por andar distraídos. # 23F # Venezuela";;;# #;"1098955151396745218";https://twitter.com/key_molina/status/1098955151396745218
seodyssey;2019-02-22 09:32;0;0;"Miguel tiene un cuadro de desnutrición severa y necesita alimentos proteicos, está recibiendo nutrición Parenteral. ¡¡Qué inmoral eres maduro!! # 23F # Venezuela @ GotasEVzlapic.twitter.com/m7Bzko5MYt";;@;# #;"1098953731696218113";https://twitter.com/seodyssey/status/1098953731696218113
seodyssey;2019-02-22 09:30;0;1;"Miguel tiene un cuadro de desnutrición severa y necesita alimentos proteicos, está recibiendo nutrición Parenteral. ¡¡Qué inmoral eres maduro!! # 23F # Venezuela @ GotasEVzlapic.twitter.com/m7Bzko5MYt";;@;# #;"1098953171043536901";https://twitter.com/seodyssey/status/1098953171043536901
seodyssey;2019-02-22 09:29;0;0;"Miguel tiene un cuadro de desnutrición severa y necesita alimentos proteicos, está recibiendo nutrición Parenteral. ¡¡Qué inmoral eres maduro!! # 23F # Venezuela @ GotasEVzlapic.twitter.com/m7Bzko5MYt";;@;# #;"1098952812438921216";https://twitter.com/seodyssey/status/1098952812438921216
arangotrumpet;2019-02-22 09:26;0;0;"No sé extrañen! Solo estén preparados en las redes . . # venezuela # 23f # 23defebrero # jguaido # amnistia # saltatalanquera # madurousurpador # enchufaos… https://www.instagram.com/p/BuL_aiNBsbwMk_EYoppbbgAvqXrwgGy0u8cJk40/?utm_source=ig_twitter_share&igshid=17t2jp5cy5i7i …";;;# # # # # # # #;"1098952104243191808";https://twitter.com/arangotrumpet/status/1098952104243191808
arteaga_29;2019-02-22 09:20;0;0;"Esta aclarando la mañana en Venezuela # 22F # 23F # libertad # ayudahumanitaria # cucuta # sancristobal # colombia # venezuela # enlaunionestalafuerza # paz https://www.instagram.com/arteagakaren_29/p/BuL-tZ0HCbeszzMcJ3mloChzRvr2fozyNklAwU0/?utm_source=ig_twitter_share&igshid=yqld9hc0efcg …";;;# # # # # # # # # #;"1098950554720526336";https://twitter.com/arteaga_29/status/1098950554720526336
beatrizbecerrab;2019-02-22 09:18;186;217;"En vísperas del # 23F # AyudaHumanitaria comparto mi entrevista en @ ElMercurio_cl: -¿Cómo puede ayudar la # UE a la transición en # Venezuela? -Asumiendo como propia la hoja de ruta del Presidente @ jguaido y colaborando en todo lo que esté en su mano, como...https://beatrizbecerra.eu/2019/02/21/la-ue-puede-presionar-nuevas-sanciones/ …";;@ @;# # # #;"1098950257801605121";https://twitter.com/beatrizbecerrab/status/1098950257801605121
manuelball;2019-02-22 09:14;0;0;"El comunismo es la ideología del resentimiento y victimizacion, por lo que es fácil anticipar lo que hará y dirá la generación socialista que sobreviva en # Venezuela. Es nuestra responsabilidad recordarles, siempre, que fue el socialismo quien mato a cientos luego del # 23F";;;# #;"1098949178758230016";https://twitter.com/manuelball/status/1098949178758230016
svmpgabogados;2019-02-22 09:13;5;6;"La responsabilidad penal es individual, sin embargo, se puede responsabilizar a alguien por haber actuado a través de terceros o por participar en hechos cometidos por otros. # venezuela # venezuelalibre # ayudahumanitaria # barquisimeto # derecho # abogados # 23f pic.twitter.com/H2pLH7s26T";;;# # # # # # #;"1098948945353560067";https://twitter.com/svmpgabogados/status/1098948945353560067
ingjuancamero;2019-02-22 09:09;2;0;". @ NicolasMaduro PRESIDENTE...mande a CERRAR la # frontera con # colombia , vamos a esperar que pase lo del 11 de # abril ? después que las imágenes salgan al mundo, no habrá marcha atrás # 23f # 23FVzlaALaCalle # VenezuelaYElMundoConMaduro # venezuela # HandsOffVenezuelaTrumppic.twitter.com/lYFpjQb8gn";;@;# # # # # # # #;"1098947825713467396";https://twitter.com/ingjuancamero/status/1098947825713467396
mbgarciau;2019-02-22 08:55;0;0;"Venezuela te necesita. Por favor ayuda @ VenezuelaAid # AidLiveVenezuela # Venezuela # 23F pic.twitter.com/bSUhOOGl2x";;@;# # #;"1098944280943562754";https://twitter.com/mbgarciau/status/1098944280943562754
prensa_libre;2019-02-22 08:52;3;9;"# Venezuela | # 23F | EE. UU. podría reaccionar con sanciones o repercusiones para sus familiares en el extranjero si hay violencia advierte alto funcionario. Las donaciones se encuentran en puntos de acopio en países vecinos como Colombia, Brasil y la isla de Curazao. pic.twitter.com/WwtdBODyER";;;# #;"1098943646043377664";https://twitter.com/prensa_libre/status/1098943646043377664
Karcelparatodos;2019-02-22 08:49;0;0;"Cabeza de tuerca, no podés pensarlo mucho: La Habana ó Guantánamo? # NicolasMaduro @ NicolasMaduro # Venezuela # 23F # 23FAvalanchaHumanitaria";;@;# # # #;"1098942873465221120";https://twitter.com/Karcelparatodos/status/1098942873465221120
Yosoylapaz;2019-02-22 08:42;0;1;"Trump: "Los días del socialismo y el comunismo están contados no solo en # Venezuela.... ",,, "The fight for FREEDOM has begun",,, # VivaTrumpNojoda, # CatireBello, # 23F, # VenezuelaAidLive,¡¡¡ VIVA VENEZUELA LIBRE!!!,,LLEVO TU LUZ Y TU AROMA EN MI PIEL...";;;# # # # #;"1098941066147962880";https://twitter.com/Yosoylapaz/status/1098941066147962880
WILLIAMCEBALLOS;2019-02-22 08:34;1;0;"# invasion # 23F # venezuela # ejido # Merida # EuropaLeague @ jguaido @ Copei_Partido @ LaPrensaVzla @ bbcmundo @ USAenEspanol @ UEmadridpic.twitter.com/HO22GJfgZv";;@ @ @ @ @ @;# # # # # #;"1098938976344436736";https://twitter.com/WILLIAMCEBALLOS/status/1098938976344436736
16elmuzo;2019-02-22 08:14;0;0;"# Venezuela # 23F @wistonvallenilla pero según me dijeron que no es un concierto es un karaoke xq ningún artista quiso ir a cantar pa esa verga, y van a permitir que el que quiera ir y subir a cantar lo haga!!!!! https://twitter.com/vwinstonv/status/1098898381458599937 …";;@wistonvallenilla;# #;"1098933936162525184";https://twitter.com/16elmuzo/status/1098933936162525184
irmaar;2019-02-22 08:00;2;9;"Gracias a @ danielhadad @ edufeiok y equipo @ LongobardiM # JorgeLanata @ segregustavo @ dsantoro59 @ CarlosAMontaner por suscribir la declaración # LatinoamericanosPorVenezuela que apoya el ingreso de # AyudaHumantaria a # Venezuela el # 23F @ NPSGlobal Aquí texto pic.twitter.com/uWlS34UinH";;@ @ @ @ @ @ @;# # # # #;"1098930507935633408";https://twitter.com/irmaar/status/1098930507935633408
efren_colombani;2019-02-22 07:59;0;3;"São Paulo, capital, confirmado! Manifestación Mundial por la Ayuda Humanitária a # Venezuela Manifestação Mundial pela Ajuda Humanitária a Venezuela Sábado - 23/02 - 18h - MASP # 23F # VenezuelaAidLive # VamosBien # VenezuelaLibre @ VzlanosnoBrasil @ ayudaylibertadpic.twitter.com/IOCKebPncy";;@ @;# # # # #;"1098930200920973312";https://twitter.com/efren_colombani/status/1098930200920973312
PirelaLilieta;2019-02-22 07:57;0;0;"# buenosdías # Venezuela # 23F # VamosBien";;;# # # #;"1098929715069550592";https://twitter.com/PirelaLilieta/status/1098929715069550592
yuyifred;2019-02-22 07:53;0;0;"# 23F # AvalanchaHumanitaria # Venezuela # HueleALibertad # AyudaHumanitariaParaVenezuelapic.twitter.com/DArccHpwWz";;;# # # # #;"1098928789659287552";https://twitter.com/yuyifred/status/1098928789659287552
mfox_us;2019-02-22 07:31;0;3;"Vice President @ GeneraIMourao says that Brazil would only enter into conflict with Venezuela if it were attacked, but that it could "help with the humanitarian aid". That fact that we are even having this conversation is really disturbing. # Venezuela # 23F https://g1.globo.com/politica/noticia/2019/02/22/mourao-diz-que-so-ve-confronto-com-venezuela-se-brasil-for-atacado-mas-maduro-nao-e-louco-a-esse-ponto.ghtml …";;@;# #;"1098923355418345477";https://twitter.com/mfox_us/status/1098923355418345477
juanagallardo1;2019-02-22 07:17;15;11;"# BuenViernes en @ izquierdadiario # Internacional Tensión en # Venezuela a un día del # 23F # CocaCola despide y suspende en Argentina y México # Sanders vota mayor "seguridad" # Brasil entre la crisis y la reforma previsional # TrotskyVersusNetflix http://www.laizquierdadiario.com/internacional pic.twitter.com/T9bvHzl80j";;@;# # # # # # # #;"1098919759033364481";https://twitter.com/juanagallardo1/status/1098919759033364481
Marhietta_;2019-02-22 07:08;0;0;"# AvalanchaHumanitaria # 23f # vamosbien # yofirmoporlapazdevenezuela # venezuela Dedicado a los "autoproclamados": https://youtu.be/2lo5CyQjB7Q";;;# # # # #;"1098917401939402755";https://twitter.com/Marhietta_/status/1098917401939402755
ve_villarroel;2019-02-22 07:08;0;0;"Este sábado # 23F Instamos a la # GNB a ponerse del lado correcto de la Historia. Llegó la hora de ELEGIR entre Defender al Usurpador de Nicolás Maduro o Servir a # Venezuela Les queda 1 día porque la # AyudaHumanitaria entra # SioSi @ Pr1meroJusticia # VoluntariosXVenezuela # VamosBienpic.twitter.com/hD0nHAxNzx – bei Villa Juana";;@;# # # # # # #;"1098917355269382144";https://twitter.com/ve_villarroel/status/1098917355269382144
Norkys_batista;2019-02-22 07:06;12;55;"ESCUCHEN ESCUCHEN...! “TENGAMOS EL VALOR Y EL HONOR” # VamosBien # Venezuela NO VOY A PODER ESTAR EN # CUCUTA PERO ME QUEDO AQUIIIIII EN # CARACAS PARA EL # 23F FORMAR PARTE DE LA… https://www.instagram.com/p/BuLujQqHY27/?utm_source=ig_twitter_share&igshid=12nbzluzlw9cz …";;;# # # # #;"1098916994663903236";https://twitter.com/Norkys_batista/status/1098916994663903236
Edu_Enduro;2019-02-22 07:02;1;2;"No se ilusionen tanto con # Guaido tampoco... recuerden que también es socialista... es cambiar caca podrida por caca fresca en # Venezuela # LiveAidVenezuela # 23F pic.twitter.com/NAE6lWD9qu";;;# # # #;"1098915878333239296";https://twitter.com/Edu_Enduro/status/1098915878333239296
MartinLitwak;2019-02-22 07:01;6;11;"En el día de ayer hemos por subscripto la declaración # LatinoamericanosPorVenezuela que apoya el ingreso de # AyudaHumantaria a # Venezuela el # 23F. Muy agradecido con @ irmaar y @ NPSGlobal por invitarme a participar! pic.twitter.com/BgSIfLM64g";;@ @;# # # #;"1098915717339062272";https://twitter.com/MartinLitwak/status/1098915717339062272
Tabad__;2019-02-22 06:59;0;1;"EXCELENTE!!! Despues del concierto, ellos se van a quedar en # Cucuta pasando la noche en las tiendas de campaña que estan colocadas (con bebidas y comida) para acompañar mañana # 23F a los demás voluntarios a # Venezuela llevando la # AyudaHumanitaria";;;# # # #;"1098915209308262400";https://twitter.com/Tabad__/status/1098915209308262400
ENGGLOBALMARKET;2019-02-22 06:57;0;0;"# cuba # miami # florida # despiertacuba # havana # lahabana Cuban disguised with uniform of venezuela regime national guard receives a beating and captured. # venezuela # 23f https://www.facebook.com/100001604090192/posts/2239093706154077/ …";;;# # # # # # # #;"1098914719233179650";https://twitter.com/ENGGLOBALMARKET/status/1098914719233179650
Jonathanrodrig;2019-02-22 06:55;0;0;". 1 # ceselausurpacion . 2 # gobiernodetransicion . 3 # eleccioneslibres . . . # venezuela # venezolanos # vzla # venezolanosenargentina # vzlanos # venezolanosporelmundo # asambleanacional # sosvenezuela # venezuelalibre # juanguaido # noticias # presidente # hoy # oscarperez # 23f pic.twitter.com/PnXALMTlyU";;;# # # # # # # # # # # # # # # # # #;"1098914056029814784";https://twitter.com/Jonathanrodrig/status/1098914056029814784
gabrielfidel;2019-02-22 06:50;9;24;"En Mendoza y toda América Latina los venezolanos nos cuentan la # CrisisHumanitaria que viven sus familias. La decisión de no dejar ingresar la ayuda humanitaria es un acto cruel y egoísta y es no pensar en lo que está sufriendo el pueblo hermano # AyudaHumanitaria # Venezuela # 23F pic.twitter.com/Af8h4CGIDh";;;# # # #;"1098912929917874176";https://twitter.com/gabrielfidel/status/1098912929917874176
Venezolanonews;2019-02-22 06:44;2;0;"Lester Toledo: ayuda humanitaria entrará a Venezuela desde cuatro puntos el # 23F - http://bit.ly/2GIo5td # EVNews # Venezuela # AyudaHumanitaria";;;# # # #;"1098911278729388032";https://twitter.com/Venezolanonews/status/1098911278729388032
irmaar;2019-02-22 06:43;15;24;"Gracias a los diputados argentinos . @ elisacarrio @ KBanfi @ mgwechsler @ pau_oliveto @ WolffWaldo @ CorneliaSL y al diputado del Uruguay @ rodrigogoni por suscribir la declaración # LatinoamericanosPorVenezuela que apoya el ingreso de # AyudaHumantaria a # Venezuela el # 23F @ NPSGlobalpic.twitter.com/PxP0C82HZq";;@ @ @ @ @ @ @ @;# # # #;"1098911166322098176";https://twitter.com/irmaar/status/1098911166322098176
TuConsultaOn;2019-02-22 06:40;0;0;"En tu consulta OnLine, solidarios con nuestro país # Venezuela, estamos comprometidos con el bienestar mental-emocional-espiritual de quienes han salido de su hogar para sobrevivir y ayudar a sus familias. # AvalanchaHumanitaria # 23F # AyudaVenezuela # EllasMigran # RescateVenezuelapic.twitter.com/KVDn53fZMJ";;;# # # # # #;"1098910462249447424";https://twitter.com/TuConsultaOn/status/1098910462249447424
LM_Enrman;2019-02-22 06:23;1;2;"No creas no vas a la cárcel. MMGVO! Tu eres uno de los principales responsables de la situación en # Venezuela ¡Denunciemos a este DELINCUENTE! # 23F # 23FAyudaHumanitaria";;;# # #;"1098906065306046469";https://twitter.com/LM_Enrman/status/1098906065306046469
WinsmarbelD;2019-02-22 06:23;0;0;"La esperanza volvió para más nunca irse. # 22F # 23F # Venezuela # VamosBien";;;# # # #;"1098906024646340608";https://twitter.com/WinsmarbelD/status/1098906024646340608
beerAndGin;2019-02-22 06:17;0;0;"# AyudaHumanitaria # VenezuelaAidLive # 23FVzlaALaCalle # 23FNoHayVueltaAtras # 23FAvalanchaHumanitaria # Venezuela # Venezuela23F # CIDH # OEA # DDHH # Boligan # 23F # VenezuelaLibre # FANB # Latinoaméricapic.twitter.com/zTeDYvX3QJ";;;# # # # # # # # # # # # # # #;"1098904631386738690";https://twitter.com/beerAndGin/status/1098904631386738690
Marhietta_;2019-02-22 06:17;0;0;"# AvalanchaHumanitaria # 23f # VamosBien Diputado español no corrupto y que defiende medidas que benefician al trabajador y no a las élites corruptas; lo que no te cuentan sobre # venezuela https://twitter.com/CervantesFAQs/status/1097986441227964416?s=20 …";;;# # # #;"1098904614047494145";https://twitter.com/Marhietta_/status/1098904614047494145
Marhietta_;2019-02-22 06:15;0;0;"# AvalanchaHumanitaria # venezuela # 23f # vamosbien ' Cuando se parte de un análisis equivocado..se puede llegar a conclusiones equivocadas;el conflicto político y social venezolano tiene como razón última la inmensa riqueza que atesora esta nación'https://albertonews.com/nacionales/para-zapatero-una-resolucion-por-la-via-de-la-fuerza-seria-una-catastrofe-para-venezuela/ …";;;# # # #;"1098904178062225408";https://twitter.com/Marhietta_/status/1098904178062225408
beatrizbecerrab;2019-02-22 06:11;949;1557;"Mañana # 23F estaré de nuevo con los venezolanos. Desde # Madrid, acompañando la hoja de ruta de @ jguaido, inexorablemente constitucional y democrática. Y apoyando como representante europea la entrada de # AyudaHumanitaria, de forma pacífica y comprometida, como quiere # Venezuela pic.twitter.com/5hTkkSyWGR";;@;# # # #;"1098903039002505221";https://twitter.com/beatrizbecerrab/status/1098903039002505221
sofibarrantes_;2019-02-22 06:09;1;2;""No hace sentido defender a # Maduro por una intervención hipotética de # EEUU cuando # Venezuela es un país intervenido por Cuba". Análisis histórico de Joaquín Villalobos para entender lo que podría pasar el # 23F en Venezuela vía @ elpais_americahttps://elpais.com/internacional/2019/02/20/america/1550691005_971416.html …";;@;# # # #;"1098902551167201280";https://twitter.com/sofibarrantes_/status/1098902551167201280
C_dPaz;2019-02-22 06:00;5;3;""Guaidó pretende forzar una quiebra de lealtad dentro de las fuerzas armadas con el envío de las ayudas, una prioridad para los sectores más vulnerables de la población venezolana." @ Maoliscastro explica lo que puede pasar el # 23F en # Venezuela http://bit.ly/2GFvBF7 # Actualidadpic.twitter.com/HvMOtxehTc";;@;# # #;"1098900205804666880";https://twitter.com/C_dPaz/status/1098900205804666880
maurimv12;2019-02-22 05:43;0;2;"# 23F el # Usurpador pretende aislarnos del mundo cerrando fronteras ! Sin darse cuenta que el aislado es el. El mundo lo rechaza el pueblo grita q se vaya y dios nos acompaña ! Días decisivos participa sé protagonista de la libertad de # Venezuela . # VenezuelaAidLive # VamosBien";;;# # # # #;"1098896078374608900";https://twitter.com/maurimv12/status/1098896078374608900
FTT_np;2019-02-22 04:46;5;5;"Join # Vancouver # Canada events for No War on Venezuela @ NoWaronVE International Day of Action February 23! # Venezuela # 23F # TrumpHandsOffVenezuela # HandsOffVenezuela # VenezuelaNoEstáSola # vanpoli # cdnpoli @ ConsuladoVenVan @ EmbaVenezCanada @ VenezuelaInUS - https://mailchi.mp/e42c37bb4fba/international-day-action-for-venezuela-february-23 …pic.twitter.com/3Uz4FqLvsw";;@ @ @ @;# # # # # # # # #;"1098881769049346049";https://twitter.com/FTT_np/status/1098881769049346049
ylmartinez;2019-02-22 04:06;2;3;"# SIoSI # 23F # Venezuela # 23FNoHayVuelyaAtras # AyudaHumanitaria en busca de un equipo dinámico, divertido, guerrero, valiente, sin miedo, aguerrido, que vaya saliendo directo a # Cúcuta a recibir la # AyudaHumanitaria Ah! Y que tenga un puesto disponible para mipic.twitter.com/pf5VjMdEHw";;;# # # # # # #;"1098871665528848386";https://twitter.com/ylmartinez/status/1098871665528848386
MARLONFUTBOL;2019-02-22 03:57;0;2;"Quedara en la historia que favor con favor se paga. hace mas de 200 años un venezolano batallo por la independencia de sus vecinos y hoy desde tierras colombianas nace un movimiento de libertad contra una dictadura. ADELANTE PUEBLO VENEZOLANO # 23FNoHayVueltaAtras # Venezuela # 23F";;;# # #;"1098869432024289280";https://twitter.com/MARLONFUTBOL/status/1098869432024289280
magalysuarez25;2019-02-22 02:49;6;5;"Este sábado 23 de febrero desde # BILBAO estaremos presentes en la MANIFESTACIÓN MUNDIAL por la entrada de ayuda humanitaria en nuestras fronteras. Acompáñanos con franela blanca. Todos juntos por Venezuela. # 23F # VenezolanosEnBilbao # Bilbao # Venezuela @ eitbNoticias @ Tele7Noticiaspic.twitter.com/4LUcsZ3pY2";;@ @;# # # # #;"1098852137881210881";https://twitter.com/magalysuarez25/status/1098852137881210881
YiriColona;2019-02-22 02:39;0;0;"No paguemos mal por mal. Pidamos que la primera # AyudaHumanitaria que entre sea para Maduro y su Gente. Seamos conscientes. # 23F # Libertad # Venezuela # SantaBarbaraDeZulia # GuaidoPresidente… https://www.instagram.com/p/BuLQ5LtgETT/?utm_source=ig_twitter_share&igshid=q1w2fr4j5mwy …";;;# # # # # #;"1098849796519948288";https://twitter.com/YiriColona/status/1098849796519948288
SOSnicaragua11;2019-02-22 02:30;1;2;"# 23F # AyudaHumanitaria # Venezuela # madurousurpador # fanb pic.twitter.com/U8skWAL4pC # MaduroUsurpador";;;# # # # # #;"1098847470937870337";https://twitter.com/SOSnicaragua11/status/1098847470937870337
NinaWorksToo;2019-02-22 02:09;0;0;"https://youtu.be/uxYYkjSN-gY # 23FNoHayVueltaAtras # 23F # LaRectaFinal # VENEZUELA";;;# # # #;"1098842170297962496";https://twitter.com/NinaWorksToo/status/1098842170297962496
NinaWorksToo;2019-02-22 01:56;0;0;"Simon Bolivar's great speech of freedom https://youtu.be/uxYYkjSN-gY  via @ YouTube Vamos Venezuela, por la libertad! # 23F # 23FNoHayVueltaAtras # LaRectaFinal # VENEZUELA";;@;# # # #;"1098839035382968320";https://twitter.com/NinaWorksToo/status/1098839035382968320
yoalpefri;2019-02-22 01:02;0;0;"Tic Tac Tic Tac... Hoy empieza la esperanza... # venezuela VAS BIEN... VAS MUY BIEN... Ahora Paciencia q pa' eso Sí que somos Buenos días desde # guaido # venezuelalibre # maduro # ayudahumanitaria # madrid # 23ene # 23f $/#2019 https://www.facebook.com/yonnerp/videos/10216561725367900/ …";;;# # # # # # # # #2019;"1098825325197385729";https://twitter.com/yoalpefri/status/1098825325197385729
ElSc0ut;2019-02-22 00:55;1;2;"# 23F # AyudaHumanitaria # Venezuela # madurousurpador # fanbpic.twitter.com/L5l4i8SFNs";;;# # # # #;"1098823689708208130";https://twitter.com/ElSc0ut/status/1098823689708208130
CisnerosComedy;2019-02-22 00:49;0;2;"Un mensaje para Venezuela, y todo el que necesite ayuda. Confía. La ayuda llegará. # vamosbien # venezuela # ayuda @ VenezuelaAid @ jguaido # 22f # 23f # ayudahumanitaria # libertad en Venezuela https://www.instagram.com/p/BuLEP6VlhgB/?utm_source=ig_twitter_share&igshid=1cbsxkk4gd72c …";;@ @;# # # # # # #;"1098821991379947520";https://twitter.com/CisnerosComedy/status/1098821991379947520
CSMaldonado;2019-02-22 00:30;42;154;"Del # 23F en # Venezuela al # 27F en # Nicaragua. Días de vértigo. Trascendentales para dos países, dos sátrapas y un continente. Sujétense el cinturón, que esto apenas empieza.";;;# # # #;"1098817178885869568";https://twitter.com/CSMaldonado/status/1098817178885869568
SchulerStefanie;2019-02-22 00:25;18;18;"Pour suivre les prochaines heures et jours à la frontière entre le # Venezuela et la # Colombie alors que Juan Guaidó a annoncé l’arrivée de l’aide humanitaire ce samedi # 23F: @ normandmarie. A Caracas: @ BenjiDelylo. Leurs reportages et analyse sont à écouter sur @ RFIhttps://twitter.com/normandmarie/status/1098811623161106433 …";;@ @ @;# # #;"1098816065277173761";https://twitter.com/SchulerStefanie/status/1098816065277173761
normandmarie;2019-02-22 00:14;2;3;"Le député de l’opposition Lester Toledo est venu quelques minutes sur le pont, pour inviter les Vénézuéliens à se joindre samedi au mouvement qui veut tenter de faire rentrer l’aide humanitaire - US surtout - au # Venezuela. « Trop dangereux », répondent certains # 23F # Cúcutapic.twitter.com/JRgYM9VeSG";;;# # #;"1098813376858329088";https://twitter.com/normandmarie/status/1098813376858329088
soldadod_Jesus;2019-02-21 23:44;0;1;"# Intercesión # OremosPorVenezuela # IntercesoresMundiales # Venezuela # CrisisEnVenezuela # 23F pic.twitter.com/MspzGYiIUT";;;# # # # # #;"1098805709595205632";https://twitter.com/soldadod_Jesus/status/1098805709595205632
ocastroc91;2019-02-21 23:41;0;0;"# 23FNoHayVueltaAtras # 23FVzlaALosCuartelesEnPaz # 23F # 22Feb # AyudaHumanitaria # AyudaHumanitariaVenezuela # Venezuela # EEUU # venezolanosenchile # venezolanosenargentina # VenezolanosenColombiahttps://twitter.com/ocastroc91/status/1098793293440262144 …";;;# # # # # # # # # # #;"1098805032697384960";https://twitter.com/ocastroc91/status/1098805032697384960
seodyssey;2019-02-21 23:37;0;0;"Miguel tiene un cuadro de desnutrición severa y necesita alimentos proteicos, está recibiendo nutrición Parenteral. ¡¡Qué inmoral eres maduro!! # 23F # Venezuela @ GotasEVzlapic.twitter.com/m7Bzko5MYt";;@;# #;"1098803988089225218";https://twitter.com/seodyssey/status/1098803988089225218
picon1969;2019-02-21 23:36;1;2;"# Represión @ marcorubio @ StateDept @ Almagro_OEA2015 @ POTUS @ VP @ MarioDB # Venezuela # 23F https://twitter.com/NTN24ve/status/1098781815496732672 …";;@ @ @ @ @ @;# # #;"1098803778378182656";https://twitter.com/picon1969/status/1098803778378182656
lilimilano;2019-02-21 23:30;0;1;"Resistan por favor resistan que falta poco! # venezuela # 23f en Pembroke Pines, Florida https://www.instagram.com/p/BuK7IbPHBzK/?utm_source=ig_twitter_share&igshid=tkowexbpbka7 …";;;# #;"1098802278067261440";https://twitter.com/lilimilano/status/1098802278067261440
cronicafemenina;2019-02-21 23:28;2;0;"# AyudaHumanitaria # 21feb # Venezuela # 23F https://twitter.com/CaraotaDigital/status/1098798252697235456 …";;;# # # #;"1098801637559361537";https://twitter.com/cronicafemenina/status/1098801637559361537
AndyBravoR;2019-02-21 23:13;0;1;"Pondrán a prueba las fuerzas de # Venezuela ya veremos el desarrollo de la película. Se estrena éste # 23F";;;# #;"1098797809791365120";https://twitter.com/AndyBravoR/status/1098797809791365120
GregoryMJS;2019-02-21 23:07;1;2;"Atentos venezolanos. Estas horas son cruciales. Cada uno de nosotros sea protagonista de lucha, presencia en recuperar nuestra patria. Vamos bien # Venezuela . No decaer... # ayudahumanitaria # VenezuelaAidLive # noticias # Venezolanos # 23F # Guaidopic.twitter.com/1xboHU1M1e";;;# # # # # # #;"1098796490494001152";https://twitter.com/GregoryMJS/status/1098796490494001152
GregoryMJS;2019-02-21 23:04;0;1;"Horas cruciales. Atentos con la información. Sólo retwittear información de cuentas oficiales y filtren bien el contenido. En este espacio debemos sumar y ayudar. # VamosBien # VENEZUELA # Guaido # Venezolanos # VenezuelaAidLive # 23F";;;# # # # # #;"1098795701004353539";https://twitter.com/GregoryMJS/status/1098795701004353539
ocastroc91;2019-02-21 22:55;0;0;"Hugo Pollo Carvajal, militar y politico de larga data del chavismo y uno de los grandes ejecutores de la corrupción en # Venezuela, fue "rescatado" en 2014 por el régimen de ser extraditado a # USA. hoy reconoce a @ jguaido y "no apoya" a la ANC. ¿por que lo hizo? # 23F # 22Feb";;@;# # # #;"1098793293440262144";https://twitter.com/ocastroc91/status/1098793293440262144
ocastroc91;2019-02-21 22:55;0;0;"el Pollo Carvajal decidió escuchar las palabras de Marco Rubio, aceptando que no quiere pasar el resto de su vida apresado o huyendo. ¿otra rata que abandona el barco? # Venezuela JAMAS olvidará tu nombre... querido amigo pollo # 22Feb # 23FNoHayVueltaAtras # 23F";;;# # # #;"1098793292408516608";https://twitter.com/ocastroc91/status/1098793292408516608
LaGuara81;2019-02-21 22:51;0;0;"@ trafficLARA por la # Libertad por # Venezuela por la # Democracias por nuestros # Niños por nuestros # Abuelos por la # Familia por los # Exiliados por los # PresosPoliticos por # Todos los que hemos # Resistido aqui y por los que tuvieron qie # Irse # 23F # Larahttps://twitter.com/elimpulsocom/status/1098788972782895104 …";;@;# # # # # # # # # # # # #;"1098792411378171904";https://twitter.com/LaGuara81/status/1098792411378171904
xavier_torrens;2019-02-21 22:26;33;55;"Los 2 caminos de # Venezuela 1° Recibir # AyudaVenezuela # AidVenezuela de la # CaravanaHumanitaria 2° Matanza de # venezolanos por dictadura de Maduro en # Vzla con hambruna, como hizo Stalin o Mao # 23FNoHayVueltaAtras # 23F # 23Feb # 22Feb # 21feb # VamosMuyBienVzla # SíoSípic.twitter.com/F9jViOeVEH";;;# # # # # # # # # # # # #;"1098786043594244096";https://twitter.com/xavier_torrens/status/1098786043594244096
jesusferrinf5;2019-02-21 22:09;0;0;"Vamos todos # sinmiedo # Venezuela # AvalanchaHumanitaria # 23F https://twitter.com/jguaido/status/1098776119216615425 …";;;# # # #;"1098781728884314112";https://twitter.com/jesusferrinf5/status/1098781728884314112
renesolarte;2019-02-21 22:08;0;0;"Lo que si va quedando claro es que muchos Chavistas hoy arrepentidos eran leales a un Chávez rico y nunca lo fueron a Maduro, y la lealtad de ellos a un Chávez pobre y sin recursos la pondría en duda. Amor con hambre no dura. # 23FVzlaALaCalle # Venezuela Pollo Carvajal # 23F";;;# # #;"1098781430782537728";https://twitter.com/renesolarte/status/1098781430782537728
VeSeisPuntoCero;2019-02-21 22:04;0;0;"Primera vez en la historia venezolana que el uniforme militar no inspira respeto. Muy triste que la # FANB usen las armas del pueblo para defender una ideología. # 23F # Venezuela";;;# # #;"1098780571411582977";https://twitter.com/VeSeisPuntoCero/status/1098780571411582977
VeSeisPuntoCero;2019-02-21 22:03;0;1;"Primera vez en la historia venezolana que el uniforme militar no inspira respeto. Muy triste que la # FANB usen las armas del pueblo para defender una ideología. # 23F # Venezuela";;;# # #;"1098780314799915008";https://twitter.com/VeSeisPuntoCero/status/1098780314799915008
AlejaLSuarez;2019-02-21 22:02;0;0;"@ petrogustavo # 23F # Colombia # VenezuelaAidLive # Venezuela https://twitter.com/ElChinoTzu/status/1098767031283998720 …";;@;# # # #;"1098780125397770240";https://twitter.com/AlejaLSuarez/status/1098780125397770240
AlejaLSuarez;2019-02-21 22:02;0;0;"@ petrogustavo # 23F # Colombia # VenezuelaAidLive # Venezuela https://twitter.com/ElChinoTzu/status/1098766726819389441 …";;@;# # # #;"1098779989774921734";https://twitter.com/AlejaLSuarez/status/1098779989774921734
AlejaLSuarez;2019-02-21 22:00;0;0;"@ petrogustavo # 23F # Colombia # Venezuela https://twitter.com/ElChinoTzu/status/1098764983582769152 …";;@;# # #;"1098779582403170305";https://twitter.com/AlejaLSuarez/status/1098779582403170305
Nia_Zamorita;2019-02-21 21:52;0;0;"Marcos H. López director de HERCON Consultores # Venezuela se refiere al estado # PerderPerder en el que se encuentra # NicolásMaduro # UnidosPor Venezuela # 23F # SoldadoEscucha… https://www.instagram.com/p/BuKwB-_lpax/?utm_source=ig_twitter_share&igshid=1ukpgtixdgmbl …";;;# # # # # #;"1098777533128921089";https://twitter.com/Nia_Zamorita/status/1098777533128921089
VeSeisPuntoCero;2019-02-21 21:52;0;0;"Primera vez en la historia venezolana que el uniforme militar no inspira respeto. Muy triste que la # FANB usen las armas del pueblo para defender una ideología. # 23F # Venezuela";;;# # #;"1098777513235488769";https://twitter.com/VeSeisPuntoCero/status/1098777513235488769
VeSeisPuntoCero;2019-02-21 21:50;0;0;"Primera vez en la historia venezolana que el uniforme militar no inspira respeto. Muy triste que la # FANB usen las armas del pueblo para defender una ideología. # 23F # Venezuela";;;# # #;"1098777048598892544";https://twitter.com/VeSeisPuntoCero/status/1098777048598892544
nugospo;2019-02-21 21:46;0;0;"@ NicolasMaduro @ dcabellor cerdos sin alma... # 22F # 23F # Venezuela https://twitter.com/LibrePe12445019/status/1098727691417804800 …";;@ @;# # #;"1098775931626369024";https://twitter.com/nugospo/status/1098775931626369024
VeSeisPuntoCero;2019-02-21 21:42;0;0;"Primera vez en la historia venezolana que el uniforme militar no inspira respeto. Muy triste que la # FANB usen las armas del pueblo para defender una ideología. # 23F # Venezuela";;;# # #;"1098774893246730240";https://twitter.com/VeSeisPuntoCero/status/1098774893246730240
VeSeisPuntoCero;2019-02-21 21:41;0;2;"Primera vez en la historia venezolana que el uniforme militar no inspira respeto. Muy triste que la # FANB usen las armas del pueblo para defender una ideología. # 23F # Venezuela";;;# # #;"1098774793636270081";https://twitter.com/VeSeisPuntoCero/status/1098774793636270081
VeSeisPuntoCero;2019-02-21 21:40;1;2;"Primera vez en la historia venezolana que el uniforme militar no inspira respeto. Muy triste que la # FANB usen las armas del pueblo para defender una ideología. # 23F # Venezuela";;;# # #;"1098774525662150657";https://twitter.com/VeSeisPuntoCero/status/1098774525662150657
VeSeisPuntoCero;2019-02-21 21:40;0;0;"Primera vez en la historia venezolana que el uniforme militar no inspira respeto. Muy triste que la # FANB usen las armas del pueblo para defender una ideología. # 23F # Venezuela";;;# # #;"1098774461267017728";https://twitter.com/VeSeisPuntoCero/status/1098774461267017728
VeSeisPuntoCero;2019-02-21 21:35;0;1;"Primera vez en la historia venezolana que el uniforme militar no inspira respeto. Muy triste que la # FANB usen las armas del pueblo para defender una ideología. # 23F # Venezuela";;;# # #;"1098773171568820224";https://twitter.com/VeSeisPuntoCero/status/1098773171568820224
VeSeisPuntoCero;2019-02-21 21:34;0;0;"Primera vez en la historia venezolana que el uniforme militar no inspira respeto. Muy triste que la # FANB usen las armas del pueblo para defender una ideología. # 23F # Venezuela";;;# # #;"1098773102039916544";https://twitter.com/VeSeisPuntoCero/status/1098773102039916544
RALP2021;2019-02-21 21:32;0;1;"# 23F ¿Capítulo final u otra temporada más de esta serie llamada # Venezuela? Comparta sus opiniones.";;;# #;"1098772480255242245";https://twitter.com/RALP2021/status/1098772480255242245
Venezolanonews;2019-02-21 21:24;3;2;"Lester Toledo: ayuda humanitaria entrará a Venezuela desde cuatro puntos el # 23F - http://bit.ly/2GIo5td # EVNews # Venezuela # AyudaHumanitaria";;;# # # #;"1098770476858568705";https://twitter.com/Venezolanonews/status/1098770476858568705
geishatorres;2019-02-21 21:21;3;2;"El Gran Gato de Venezuela vamos bien # 23f # ayudahumanitaria # andresgalarraga # venezuela # deportistas # beisbol # Repost @ ntn24ve with get_repost ・・・ El gran "Gato" , Andrés… https://www.instagram.com/p/BuKsTBJgnem/?utm_source=ig_twitter_share&igshid=1277953bzkhvu …";;@;# # # # # # #;"1098769697858699264";https://twitter.com/geishatorres/status/1098769697858699264
ArielMoreno16;2019-02-21 21:08;0;0;"# Venezuela El mundo completo está comprometido con su libertad y democracia # VenezuelaAidLive # VenezuelaLiveAid Digan no a @ NicolasMaduro @ ConElMazoDando @ dcabellor # 23F # 23FNoHayVueltaAtrashttps://twitter.com/jguaido/status/1098744110326910976 …";;@ @ @;# # # # #;"1098766481331011584";https://twitter.com/ArielMoreno16/status/1098766481331011584
por_ciudadanos;2019-02-21 20:57;3;2;"# 23F marchamos para abrir las barreras que rodean a # Venezuela para que entre la # AyudaHumanitaria # AyudaHumanitariaParaVenezuela @ AEVMex @ vstmundo @ Comexdh 10:30 ampic.twitter.com/khKVKtaY8i";;@ @ @;# # # #;"1098763726646239232";https://twitter.com/por_ciudadanos/status/1098763726646239232
josecriollo28;2019-02-21 20:54;0;0;"El nuevo grito nacional. # 21Feb # 23F # Venezuela # AyudaHumanitaria # AyudaVenezuela # AyudaYLibertadpic.twitter.com/SAbCCNbe65";;;# # # # # #;"1098762996300636167";https://twitter.com/josecriollo28/status/1098762996300636167
horacioprez1;2019-02-21 20:49;0;0;"Yo quiero el bien para # Venezuela, no guerra ni sangre, sino paz y sensatez. Te ofrezco una oración por intercecsión de la Reina de las Americas al Buen Dios para que lo logres Venezuela. # 23F de vida.";;;# #;"1098761617993621509";https://twitter.com/horacioprez1/status/1098761617993621509
josecriollo28;2019-02-21 20:48;7;10;"[VIDEO] Avion con ayuda humanitaria arribando a Curaçao. # 21Feb # 23F # AyudaHumanitaria # Venezuela # AyudaVenezuelapic.twitter.com/OfbGw9uizE";;;# # # # #;"1098761355245563904";https://twitter.com/josecriollo28/status/1098761355245563904
Slava_Zambrano;2019-02-21 20:39;0;3;"# CaravanaHumanitaria va desde Caracas a la frontera, la GNB/PNB hacen todo por detenerla # LosBuenosSomosMas # 23F # AyudaHumanitaria # AyudaHumanitariaParaVenezuela # VenezuelaAidLive # Venezuela";;;# # # # # # #;"1098759211335462912";https://twitter.com/Slava_Zambrano/status/1098759211335462912
LasNoticiasFl;2019-02-21 20:39;1;0;"# 23f día histórico para # Venezuela y nosotros estaremos compartiendo momento a momento las incidencias desde # Cucuta junto a nuestro aliado vnzla3color a través de todas las redes sociales… https://www.instagram.com/p/BuKnoIzlhak/?utm_source=ig_twitter_share&igshid=wl635mdpbj0h …";;;# # #;"1098759051620433921";https://twitter.com/LasNoticiasFl/status/1098759051620433921
RT_America;2019-02-21 20:30;7;11;"Guaido vows to bring aid himself from Colombia (VIDEO) https://youtu.be/SpVXGT_R_7s @ scottienhughes @ saramdo17 # NVHughes # QuestionMore # Venezuela # 23F pic.twitter.com/OfqjqIqMKt";;@ @;# # # #;"1098756761136259072";https://twitter.com/RT_America/status/1098756761136259072
IsaCNN;2019-02-21 20:17;0;0;"Colombia will close four border crossings into Venezuela on Saturday from 5am to midnight “to ensure citizen security, maintain the tranquility of the border and ensure the proper delivery of humanitarian aid to # Venezuela” # 23F";;;# #;"1098753507090403328";https://twitter.com/IsaCNN/status/1098753507090403328
VenezuelaUnite1;2019-02-21 20:14;0;0;"Un poco de humor nunca está de más # venezueladesperto # madurodictador # 23f # venezuela # venezuelaunited en Venezuela https://www.instagram.com/p/BuKkyjmn8oD/?utm_source=ig_twitter_share&igshid=ddesm9tuvk5k …";;;# # # # #;"1098752809787408390";https://twitter.com/VenezuelaUnite1/status/1098752809787408390
MarlonEcorrea;2019-02-21 20:08;1;0;"# AHORA Exjefe de inteligencia militar de # Venezuela abandona a # Maduro y denuncia corrupción y narcotráfico en el gobierno. # 23F ⁦ @ pcorrea7⁩https://www.nytimes.com/es/2019/02/21/venezuela-maduro-hugo-carvajal?smid=fb-share-es&sfns=mo …";;@;# # # #;"1098751367877926912";https://twitter.com/MarlonEcorrea/status/1098751367877926912
beatrizbecerrab;2019-02-21 20:04;292;348;"Esta noticia tiene un enorme calado y recorrido. Definitivamente el # 23F será el punto no retorno para la transición en # Venezuela. No dejen de seguir la información de @ garcirrey en @ elconfidencialhttps://twitter.com/garcirrey/status/1098683145279422464 …";;@ @;# #;"1098750375576961024";https://twitter.com/beatrizbecerrab/status/1098750375576961024
DouglasJimenez;2019-02-21 19:57;8;4;"# SANDIEGO! Los Sandieganos salimos este # 23F TODOS a la Av Bolívar en respaldo a la # AyudaHumanitaria aquí nadie se rinde los Sandieganos NO están solos # SiHayFuturo # carabobo # caracas # venezuela # valencia # naguanagua # chacao # elhatillo # barutapic.twitter.com/QedzFqB70a";;;# # # # # # # # # # # #;"1098748596692926469";https://twitter.com/DouglasJimenez/status/1098748596692926469
hugomarivil;2019-02-21 19:51;1;1;"Un gran abrazo @ dannyramirez7 y sigue luchando desde # Chile por la # Libertad de tu querida # Venezuela # 23F @ comunidadenmovpic.twitter.com/vHmxeaGbHk";;@ @;# # # #;"1098747181459275782";https://twitter.com/hugomarivil/status/1098747181459275782
EnDirectoVE;2019-02-21 19:47;2;1;"UN GOBIERNO ILEGITIMADO POR MAS DEL 71% DE PAISES MIEMBROS DE ESTAS MISMAS ORGANIZACIONES NO PUEDE ACEPTAR, FIRMAR NI MANEJAR DECISIONES CONSTITUCIONALES, ASI QUE SEÑORES VAMOS BIEN. NO SE DISTRAIGAN # 23F # VenezuelaAidLive # venezuela # HugoCarvajal # delsa # Venezuela # 21Feb";;;# # # # # # #;"1098745986741141504";https://twitter.com/EnDirectoVE/status/1098745986741141504
cd_heydrich;2019-02-21 19:31;0;0;"No sé por qué tengo la impresión que el tal # 23F no va a ser más qué otra “tomada de pelo” sobre alguna posible solución de la situación en # Venezuela, ¡ojalá me esté equivocando! pic.twitter.com/nKk6bO9c1Q";;;# #;"1098741997760843777";https://twitter.com/cd_heydrich/status/1098741997760843777
Karcelparatodos;2019-02-21 19:26;1;3;"Te queda esto @ NicolasMaduro . A La Habana por la tuya o a Guantánamo esposado con los Seals. No sé, fijate... # Venezuela # 23F # GuardiaNacional # GuaidoPresidentepic.twitter.com/yPVijCFEsw";;@;# # # #;"1098740820918894592";https://twitter.com/Karcelparatodos/status/1098740820918894592
Leia_cl;2019-02-21 19:21;0;0;"Gutiérrez y Hirsch ! Miserables, no encuentro otro calificativo... # 23F # Venezuela";;;# #;"1098739621498945536";https://twitter.com/Leia_cl/status/1098739621498945536
SoyNewmanPerez;2019-02-21 19:19;5;19;"LA FRONTERA LA CERRARON ahorita a las 8PM es probable que mañana también esté cerrada durante el día # Venezuela # Cucuta # 21F # 22F # 23F # AyudaHumanitaria https://www.instagram.com/p/BuKeJmgFfF4/?utm_source=ig_twitter_share&igshid=1kdvs182is9fp …";;;# # # # # #;"1098739044303826944";https://twitter.com/SoyNewmanPerez/status/1098739044303826944
OscarMachon;2019-02-21 19:07;6;1;"# PoliticaSV Diputadas del @ FMLNoficial Nidia Díaz y Karina Sosa esta tarde en plenaria de @ AsambleaSV ,Díaz sostiene una banderilla que reza:No a la intervención en # Venezuela,donde el próximo sábado # 23F ingresaría una # CaravanaHumanitaria de ayuda de los EEUU @ ElMundoSVpic.twitter.com/Bp4m2kjHJv";;@ @ @;# # # #;"1098736096102502400";https://twitter.com/OscarMachon/status/1098736096102502400
CarlosAlvarez92;2019-02-21 19:01;1;1;"# 21Feb Nicolás Maduro anunciando días de fiestas de carnaval y el sabe que nosotros los # Venezolanos no estamos para eso, aquí lo que hay es una crisis humanitaria o emergencia compleja en # Venezuela. Así que Este # 23F # DejaPasarLaAyudaHumanitaria # FelizJueves ¡ # VamosBien!";;;# # # # # # #;"1098734424496181249";https://twitter.com/CarlosAlvarez92/status/1098734424496181249